Name_ID,BlockGp_ID,Final_Prioity_Score,OSDS_count,In_2017_CP_zone,Final_Cat_Ranking,Fin_Rank
 :  : BkGp#779: CPs=216,779,64.07581193117979,216,False,Low,3.0
 :  : BkGp#787: CPs=234,787,115.99491896628702,234,False,Medium,2.0
 :  : BkGp#788: CPs=39,788,142.10664260319012,39,False,High,1.0
 :  : BkGp#789: CPs=191,789,104.16321890804092,191,False,Low,3.0
 :  : BkGp#829: CPs=344,829,58.63681409172107,344,False,Low,3.0
 :  : BkGp#845: CPs=254,845,118.09227662575378,254,False,High,1.0
