,Uid,In_WellCZ_B
0,-157.01318_21.14995,True
1,-157.02108_21.15203,True
2,-157.01308_21.14995,True
