Name_ID,BlockGp_ID,Final_Prioity_Score,OSDS_count,In_2017_CP_zone,Final_Cat_Ranking,Fin_Rank
 :  : BkGp#779: CPs=216,779,64.56470082006867,216,False,Low,3.0
 :  : BkGp#787: CPs=234,787,111.7977272690954,234,False,Medium,2.0
 :  : BkGp#788: CPs=39,788,142.30664260319014,39,False,High,1.0
 :  : BkGp#789: CPs=191,789,110.4794492745331,191,False,Low,3.0
 :  : BkGp#829: CPs=344,829,52.63855827776758,344,False,Low,3.0
 :  : BkGp#845: CPs=254,845,117.17259158638376,254,False,High,1.0
